OBJECTID,COD_ORIG,ORIGEM___L,COD_DEST,DESTINO___,CARGA__KG_
"1","1100122",JI-PARANÁ,"1100304",VILHENA,"961"
"2","1100122",JI-PARANÁ,"1301704",HUMAITÁ,"361"
"3","1100122",JI-PARANÁ,"1302405",LÁBREA,"351"
"4","1100122",JI-PARANÁ,"3106200",BELO HORIZONTE,"0"
"5","1100122",JI-PARANÁ,"3549805",SÃO JOSÉ DO RIO PRETO,"0"
"6","1100122",JI-PARANÁ,"5107909",SINOP,"0"
"7","1100122",JI-PARANÁ,"5300108",BRASÍLIA,"0"
"8","1100205",PORTO VELHO,"1100122",JI-PARANÁ,"794"
"9","1100205",PORTO VELHO,"1100304",VILHENA,"299"
"10","1100205",PORTO VELHO,"1200203",CRUZEIRO DO SUL,"141651"
"11","1100205",PORTO VELHO,"1200401",RIO BRANCO,"118272"
"12","1100205",PORTO VELHO,"1301209",COARI,"0"
"13","1100205",PORTO VELHO,"1301704",HUMAITÁ,"88"
"14","1100205",PORTO VELHO,"1302405",LÁBREA,"433"
"15","1100205",PORTO VELHO,"1304203",TEFÉ,"0"
"16","1100205",PORTO VELHO,"5208707",GOIÂNIA,"0"
"17","1200203",CRUZEIRO DO SUL,"1100122",JI-PARANÁ,"0"
"18","1200401",RIO BRANCO,"1100122",JI-PARANÁ,"0"
"19","1200401",RIO BRANCO,"1200203",CRUZEIRO DO SUL,"285338"
"20","1200401",RIO BRANCO,"3304557",RIO DE JANEIRO,"0"
"21","1200401",RIO BRANCO,"3509502",CAMPINAS,"0"
"22","1300409",BARCELOS,"1303601",SANTA ISABEL DO RIO NEGRO,"0"
"23","1300706",BOCA DO ACRE,"1200401",RIO BRANCO,"0"
"24","1301001",CARAUARI,"1304203",TEFÉ,"0"
"25","1301209",COARI,"1301001",CARAUARI,"0"
"26","1301209",COARI,"1301407",EIRUNEPÉ,"1071"
"27","1301209",COARI,"1304203",TEFÉ,"34999"
"28","1301209",COARI,"1506807",SANTARÉM,"0"
"29","1301605",FONTE BOA,"1303908",SÃO PAULO DE OLIVENÇA,"433"
"30","1301605",FONTE BOA,"1304062",TABATINGA,"18"
"31","1302405",LÁBREA,"1301704",HUMAITÁ,"754"
"32","1302603",MANAUS,"1100122",JI-PARANÁ,"357"
"33","1302603",MANAUS,"1100205",PORTO VELHO,"643146"
"34","1302603",MANAUS,"1200203",CRUZEIRO DO SUL,"147204"
"35","1302603",MANAUS,"1200401",RIO BRANCO,"131642"
"36","1302603",MANAUS,"1300409",BARCELOS,"1067"
"37","1302603",MANAUS,"1300706",BOCA DO ACRE,"0"
"38","1302603",MANAUS,"1300805",BORBA,"0"
"39","1302603",MANAUS,"1301001",CARAUARI,"0"
"40","1302603",MANAUS,"1301209",COARI,"63038"
"41","1302603",MANAUS,"1301407",EIRUNEPÉ,"4208"
"42","1302603",MANAUS,"1301605",FONTE BOA,"719"
"43","1302603",MANAUS,"1301704",HUMAITÁ,"1846"
"44","1302603",MANAUS,"1302405",LÁBREA,"1979"
"45","1302603",MANAUS,"1302702",MANICORÉ,"0"
"46","1302603",MANAUS,"1302900",MAUÉS,"0"
"47","1302603",MANAUS,"1303403",PARINTINS,"8620"
"48","1302603",MANAUS,"1303601",SANTA ISABEL DO RIO NEGRO,"711"
"49","1302603",MANAUS,"1303809",SÃO GABRIEL DA CACHOEIRA,"4659"
"50","1302603",MANAUS,"1303908",SÃO PAULO DE OLIVENÇA,"1187"
"51","1302603",MANAUS,"1304062",TABATINGA,"15212"
"52","1302603",MANAUS,"1304203",TEFÉ,"4872"
"53","1302603",MANAUS,"1400100",BOA VISTA,"643427"
"54","1302603",MANAUS,"1500602",ALTAMIRA,"1362"
"55","1302603",MANAUS,"1503606",ITAITUBA,"569"
"56","1302603",MANAUS,"1505304",ORIXIMINÁ,"244"
"57","1302603",MANAUS,"1505536",PARAUAPEBAS,"1589"
"58","1302603",MANAUS,"1506807",SANTARÉM,"1330559"
"59","1302603",MANAUS,"1508100",TUCURUÍ,"998"
"60","1302603",MANAUS,"1600303",MACAPÁ,"0"
"61","1302603",MANAUS,"1702109",ARAGUAÍNA,"1484"
"62","1302603",MANAUS,"2111300",SÃO LUÍS,"662772"
"63","1302603",MANAUS,"2800308",ARACAJU,"11864"
"64","1302603",MANAUS,"3170206",UBERLÂNDIA,"0"
"65","1302603",MANAUS,"3205309",VITÓRIA,"275465"
"66","1302603",MANAUS,"4108304",FOZ DO IGUAÇU,"248091"
"67","1302603",MANAUS,"4113700",LONDRINA,"2655"
"68","1302603",MANAUS,"5002704",CAMPO GRANDE,"275112"
"69","1302603",MANAUS,"5103403",CUIABÁ,"423016"
"70","1302603",MANAUS,"5208707",GOIÂNIA,"2317"
"71","1302702",MANICORÉ,"1300805",BORBA,"0"
"72","1303403",PARINTINS,"1503606",ITAITUBA,"334"
"73","1303403",PARINTINS,"1505304",ORIXIMINÁ,"292"
"74","1303403",PARINTINS,"1505536",PARAUAPEBAS,"1322"
"75","1303403",PARINTINS,"1508100",TUCURUÍ,"493"
"76","1303403",PARINTINS,"1702109",ARAGUAÍNA,"979"
"77","1303809",SÃO GABRIEL DA CACHOEIR,"1300409",BARCELOS,"155"
"78","1303809",SÃO GABRIEL DA CACHOEIR,"1303601",SANTA ISABEL DO RIO NEGRO,"998"
"79","1303908",SÃO PAULO DE OLIVENÇA,"1304062",TABATINGA,"285"
"80","1304062",TABATINGA,"1303809",SÃO GABRIEL DA CACHOEIRA,"0"
"81","1304062",TABATINGA,"1304203",TEFÉ,"869"
"82","1304203",TEFÉ,"1301407",EIRUNEPÉ,"2473"
"83","1304203",TEFÉ,"1301605",FONTE BOA,"691"
"84","1304203",TEFÉ,"1303809",SÃO GABRIEL DA CACHOEIRA,"0"
"85","1304203",TEFÉ,"1303908",SÃO PAULO DE OLIVENÇA,"570"
"86","1400027",AMAJARI,"1302603",MANAUS,"0"
"87","1400100",BOA VISTA,"1303809",SÃO GABRIEL DA CACHOEIRA,"0"
"88","1400100",BOA VISTA,"1400027",AMAJARI,"0"
"89","1400100",BOA VISTA,"1400050",ALTO ALEGRE,"0"
"90","1400100",BOA VISTA,"5106422",PEIXOTO DE AZEVEDO,"0"
"91","1500602",ALTAMIRA,"1303403",PARINTINS,"2915"
"92","1500602",ALTAMIRA,"1503606",ITAITUBA,"731"
"93","1500602",ALTAMIRA,"1505304",ORIXIMINÁ,"1677"
"94","1500602",ALTAMIRA,"1505536",PARAUAPEBAS,"831"
"95","1500602",ALTAMIRA,"1508100",TUCURUÍ,"0"
"96","1500602",ALTAMIRA,"1702109",ARAGUAÍNA,"518"
"97","1501402",BELÉM,"1100205",PORTO VELHO,"358386"
"98","1501402",BELÉM,"1200203",CRUZEIRO DO SUL,"134934"
"99","1501402",BELÉM,"1200401",RIO BRANCO,"324312"
"100","1501402",BELÉM,"1302603",MANAUS,"4976872"
"101","1501402",BELÉM,"1303403",PARINTINS,"6543"
"102","1501402",BELÉM,"1400100",BOA VISTA,"0"
"103","1501402",BELÉM,"1500503",ALMEIRIM,"3059"
"104","1501402",BELÉM,"1500602",ALTAMIRA,"30815"
"105","1501402",BELÉM,"1502707",CONCEIÇÃO DO ARAGUAIA,"8446"
"106","1501402",BELÉM,"1503606",ITAITUBA,"5335"
"107","1501402",BELÉM,"1504208",MARABÁ,"867652"
"108","1501402",BELÉM,"1505304",ORIXIMINÁ,"5502"
"109","1501402",BELÉM,"1505437",OURILÂNDIA DO NORTE,"21377"
"110","1501402",BELÉM,"1505536",PARAUAPEBAS,"22694"
"111","1501402",BELÉM,"1506138",REDENÇÃO,"37577"
"112","1501402",BELÉM,"1506708",SANTANA DO ARAGUAIA,"8597"
"113","1501402",BELÉM,"1506807",SANTARÉM,"2181424"
"114","1501402",BELÉM,"1507300",SÃO FÉLIX DO XINGU,"10393"
"115","1501402",BELÉM,"1508100",TUCURUÍ,"1458"
"116","1501402",BELÉM,"1600303",MACAPÁ,"2817084"
"117","1501402",BELÉM,"1702109",ARAGUAÍNA,"951"
"118","1501402",BELÉM,"1721000",PALMAS,"12"
"119","1501402",BELÉM,"2105302",IMPERATRIZ,"49946"
"120","1501402",BELÉM,"2111300",SÃO LUÍS,"1141648"
"121","1501402",BELÉM,"2800308",ARACAJU,"1196"
"122","1501402",BELÉM,"3170206",UBERLÂNDIA,"0"
"123","1501402",BELÉM,"3205309",VITÓRIA,"0"
"124","1501402",BELÉM,"3509502",CAMPINAS,"0"
"125","1501402",BELÉM,"3543402",RIBEIRÃO PRETO,"0"
"126","1501402",BELÉM,"4108304",FOZ DO IGUAÇU,"33"
"127","1501402",BELÉM,"4211306",NAVEGANTES,"81612"
"128","1501402",BELÉM,"5208707",GOIÂNIA,"1268"
"129","1502707",CONCEIÇÃO DO ARAGUAIA,"1506708",SANTANA DO ARAGUAIA,"543"
"130","1503606",ITAITUBA,"1500503",ALMEIRIM,"111"
"131","1503606",ITAITUBA,"1505304",ORIXIMINÁ,"0"
"132","1503606",ITAITUBA,"1508100",TUCURUÍ,"725"
"133","1503606",ITAITUBA,"1702109",ARAGUAÍNA,"1232"
"134","1504208",MARABÁ,"1500602",ALTAMIRA,"675"
"135","1504208",MARABÁ,"1502707",CONCEIÇÃO DO ARAGUAIA,"5509"
"136","1504208",MARABÁ,"1505437",OURILÂNDIA DO NORTE,"26273"
"137","1504208",MARABÁ,"1505536",PARAUAPEBAS,"14812"
"138","1504208",MARABÁ,"1506138",REDENÇÃO,"20071"
"139","1504208",MARABÁ,"1506708",SANTANA DO ARAGUAIA,"4308"
"140","1504208",MARABÁ,"1507300",SÃO FÉLIX DO XINGU,"10943"
"141","1504208",MARABÁ,"1702109",ARAGUAÍNA,"12"
"142","1504208",MARABÁ,"3304557",RIO DE JANEIRO,"0"
"143","1505304",ORIXIMINÁ,"1500503",ALMEIRIM,"0"
"144","1505437",OURILÂNDIA DO NORTE,"1507300",SÃO FÉLIX DO XINGU,"495"
"145","1505536",PARAUAPEBAS,"1503606",ITAITUBA,"1554"
"146","1505536",PARAUAPEBAS,"1505437",OURILÂNDIA DO NORTE,"2809"
"147","1505536",PARAUAPEBAS,"1507300",SÃO FÉLIX DO XINGU,"752"
"148","1505536",PARAUAPEBAS,"1508100",TUCURUÍ,"265"
"149","1505536",PARAUAPEBAS,"1702109",ARAGUAÍNA,"1136"
"150","1505536",PARAUAPEBAS,"2800308",ARACAJU,"0"
"151","1506138",REDENÇÃO,"1502707",CONCEIÇÃO DO ARAGUAIA,"753"
"152","1506138",REDENÇÃO,"1506708",SANTANA DO ARAGUAIA,"644"
"153","1506138",REDENÇÃO,"1709500",GURUPI,"3374"
"154","1506138",REDENÇÃO,"5103353",CONFRESA,"33"
"155","1506138",REDENÇÃO,"5213087",MINAÇU,"29"
"156","1506708",SANTANA DO ARAGUAIA,"5107859",SÃO FÉLIX DO ARAGUAIA,"11"
"157","1506807",SANTARÉM,"1303403",PARINTINS,"415"
"158","1506807",SANTARÉM,"1500503",ALMEIRIM,"163"
"159","1506807",SANTARÉM,"1500602",ALTAMIRA,"6154"
"160","1506807",SANTARÉM,"1503606",ITAITUBA,"727"
"161","1506807",SANTARÉM,"1505304",ORIXIMINÁ,"8590"
"162","1506807",SANTARÉM,"1505536",PARAUAPEBAS,"1423"
"163","1506807",SANTARÉM,"1508100",TUCURUÍ,"593"
"164","1506807",SANTARÉM,"1702109",ARAGUAÍNA,"1096"
"165","1507300",SÃO FÉLIX DO XINGU,"1709500",GURUPI,"0"
"166","1508100",TUCURUÍ,"1504208",MARABÁ,"4"
"167","1508100",TUCURUÍ,"5300108",BRASÍLIA,"0"
"168","1600303",MACAPÁ,"1500503",ALMEIRIM,"0"
"169","1600303",MACAPÁ,"1506807",SANTARÉM,"0"
"170","1600303",MACAPÁ,"5208707",GOIÂNIA,"0"
"171","1600709",TARTARUGALZINHO,"3549805",SÃO JOSÉ DO RIO PRETO,"0"
"172","1702109",ARAGUAÍNA,"1508100",TUCURUÍ,"274"
"173","1702109",ARAGUAÍNA,"3543402",RIBEIRÃO PRETO,"0"
"174","1709500",GURUPI,"5103353",CONFRESA,"1637"
"175","1709500",GURUPI,"5107859",SÃO FÉLIX DO ARAGUAIA,"4163"
"176","1709500",GURUPI,"5213087",MINAÇU,"513"
"177","1721000",PALMAS,"1500602",ALTAMIRA,"48"
"178","1721000",PALMAS,"1504208",MARABÁ,"93"
"179","1721000",PALMAS,"1702109",ARAGUAÍNA,"2"
"180","2111300",SÃO LUÍS,"1504208",MARABÁ,"0"
"181","2111300",SÃO LUÍS,"1505536",PARAUAPEBAS,"0"
"182","2111300",SÃO LUÍS,"1506807",SANTARÉM,"307403"
"183","2111300",SÃO LUÍS,"1600303",MACAPÁ,"0"
"184","2111300",SÃO LUÍS,"2105302",IMPERATRIZ,"567669"
"185","2111300",SÃO LUÍS,"2211001",TERESINA,"5018"
"186","2111300",SÃO LUÍS,"2800308",ARACAJU,"2241"
"187","2211001",TERESINA,"2105302",IMPERATRIZ,"37030"
"188","2211001",TERESINA,"3106200",BELO HORIZONTE,"0"
"189","2211001",TERESINA,"4113700",LONDRINA,"18483"
"190","2304400",FORTALEZA,"1100205",PORTO VELHO,"580396"
"191","2304400",FORTALEZA,"1200203",CRUZEIRO DO SUL,"314779"
"192","2304400",FORTALEZA,"1200401",RIO BRANCO,"484583"
"193","2304400",FORTALEZA,"1302603",MANAUS,"4815105"
"194","2304400",FORTALEZA,"1400100",BOA VISTA,"0"
"195","2304400",FORTALEZA,"1501402",BELÉM,"3393604"
"196","2304400",FORTALEZA,"1506807",SANTARÉM,"493959"
"197","2304400",FORTALEZA,"2111300",SÃO LUÍS,"1495357"
"198","2304400",FORTALEZA,"2211001",TERESINA,"1347540"
"199","2304400",FORTALEZA,"2307304",JUAZEIRO DO NORTE,"446997"
"200","2304400",FORTALEZA,"2408102",NATAL,"1622149"
"201","2304400",FORTALEZA,"2507507",JOÃO PESSOA,"551"
"202","2304400",FORTALEZA,"2704302",MACEIÓ,"0"
"203","2304400",FORTALEZA,"2800308",ARACAJU,"5029"
"204","2304400",FORTALEZA,"3205309",VITÓRIA,"31068"
"205","2304400",FORTALEZA,"3509502",CAMPINAS,"311791"
"206","2304400",FORTALEZA,"3543402",RIBEIRÃO PRETO,"0"
"207","2304400",FORTALEZA,"3549805",SÃO JOSÉ DO RIO PRETO,"0"
"208","2304400",FORTALEZA,"4113700",LONDRINA,"0"
"209","2304400",FORTALEZA,"4205407",FLORIANÓPOLIS,"0"
"210","2304400",FORTALEZA,"5103403",CUIABÁ,"0"
"211","2304400",FORTALEZA,"5208707",GOIÂNIA,"0"
"212","2307304",JUAZEIRO DO NORTE,"2611101",PETROLINA,"656"
"213","2408003",MOSSORÓ,"2507507",JOÃO PESSOA,"0"
"214","2408102",NATAL,"2111300",SÃO LUÍS,"0"
"215","2408102",NATAL,"2408003",MOSSORÓ,"0"
"216","2408102",NATAL,"2507507",JOÃO PESSOA,"0"
"217","2408102",NATAL,"2605459",FERNANDO DE NORONHA,"70012"
"218","2408102",NATAL,"2704302",MACEIÓ,"0"
"219","2408102",NATAL,"2800308",ARACAJU,"257"
"220","2408102",NATAL,"3170206",UBERLÂNDIA,"0"
"221","2408102",NATAL,"3205309",VITÓRIA,"0"
"222","2408102",NATAL,"3543402",RIBEIRÃO PRETO,"0"
"223","2408102",NATAL,"3549805",SÃO JOSÉ DO RIO PRETO,"0"
"224","2408102",NATAL,"4113700",LONDRINA,"0"
"225","2408102",NATAL,"4205407",FLORIANÓPOLIS,"0"
"226","2408102",NATAL,"5103403",CUIABÁ,"0"
"227","2408102",NATAL,"5208707",GOIÂNIA,"0"
"228","2507507",JOÃO PESSOA,"2925303",PORTO SEGURO,"0"
"229","2507507",JOÃO PESSOA,"3543402",RIBEIRÃO PRETO,"0"
"230","2611101",PETROLINA,"3509502",CAMPINAS,"0"
"231","2611606",RECIFE,"1100205",PORTO VELHO,"0"
"232","2611606",RECIFE,"1200401",RIO BRANCO,"0"
"233","2611606",RECIFE,"1302603",MANAUS,"2065630"
"234","2611606",RECIFE,"1400100",BOA VISTA,"0"
"235","2611606",RECIFE,"1501402",BELÉM,"1643448"
"236","2611606",RECIFE,"1506807",SANTARÉM,"632039"
"237","2611606",RECIFE,"2111300",SÃO LUÍS,"750510"
"238","2611606",RECIFE,"2211001",TERESINA,"0"
"239","2611606",RECIFE,"2304400",FORTALEZA,"7557420"
"240","2611606",RECIFE,"2307304",JUAZEIRO DO NORTE,"196983"
"241","2611606",RECIFE,"2408003",MOSSORÓ,"0"
"242","2611606",RECIFE,"2408102",NATAL,"741605"
"243","2611606",RECIFE,"2504009",CAMPINA GRANDE,"247260"
"244","2611606",RECIFE,"2507507",JOÃO PESSOA,"595996"
"245","2611606",RECIFE,"2604106",CARUARU,"0"
"246","2611606",RECIFE,"2605459",FERNANDO DE NORONHA,"442548"
"247","2611606",RECIFE,"2611101",PETROLINA,"521328"
"248","2611606",RECIFE,"2704302",MACEIÓ,"964"
"249","2611606",RECIFE,"2800308",ARACAJU,"70101"
"250","2611606",RECIFE,"2913606",ILHÉUS,"0"
"251","2611606",RECIFE,"2924009",PAULO AFONSO,"0"
"252","2611606",RECIFE,"2925303",PORTO SEGURO,"0"
"253","2611606",RECIFE,"3170206",UBERLÂNDIA,"0"
"254","2611606",RECIFE,"3205309",VITÓRIA,"0"
"255","2611606",RECIFE,"3509502",CAMPINAS,"179608"
"256","2611606",RECIFE,"3543402",RIBEIRÃO PRETO,"0"
"257","2611606",RECIFE,"3549904",SÃO JOSÉ DOS CAMPOS,"0"
"258","2611606",RECIFE,"4106902",CURITIBA,"51996"
"259","2611606",RECIFE,"4108304",FOZ DO IGUAÇU,"274"
"260","2611606",RECIFE,"4113700",LONDRINA,"5174"
"261","2611606",RECIFE,"4115200",MARINGÁ,"0"
"262","2611606",RECIFE,"4205407",FLORIANÓPOLIS,"0"
"263","2611606",RECIFE,"4209102",JOINVILLE,"0"
"264","2611606",RECIFE,"4211306",NAVEGANTES,"0"
"265","2611606",RECIFE,"4314902",PORTO ALEGRE,"898123"
"266","2611606",RECIFE,"5002704",CAMPO GRANDE,"0"
"267","2611606",RECIFE,"5103403",CUIABÁ,"20061"
"268","2611606",RECIFE,"5208707",GOIÂNIA,"177875"
"269","2704302",MACEIÓ,"2604106",CARUARU,"0"
"270","2704302",MACEIÓ,"2605459",FERNANDO DE NORONHA,"0"
"271","2704302",MACEIÓ,"2800308",ARACAJU,"574467"
"272","2704302",MACEIÓ,"2924009",PAULO AFONSO,"0"
"273","2704302",MACEIÓ,"2925303",PORTO SEGURO,"0"
"274","2704302",MACEIÓ,"3170206",UBERLÂNDIA,"0"
"275","2704302",MACEIÓ,"3543402",RIBEIRÃO PRETO,"0"
"276","2704302",MACEIÓ,"3549805",SÃO JOSÉ DO RIO PRETO,"0"
"277","2704302",MACEIÓ,"4108304",FOZ DO IGUAÇU,"232"
"278","2704302",MACEIÓ,"4113700",LONDRINA,"0"
"279","2800308",ARACAJU,"1506807",SANTARÉM,"702"
"280","2800308",ARACAJU,"2605459",FERNANDO DE NORONHA,"336"
"281","2800308",ARACAJU,"3170206",UBERLÂNDIA,"0"
"282","2800308",ARACAJU,"3205309",VITÓRIA,"0"
"283","2800308",ARACAJU,"4106902",CURITIBA,"0"
"284","2800308",ARACAJU,"4314902",PORTO ALEGRE,"0"
"285","2903201",BARREIRAS,"2903904",BOM JESUS DA LAPA,"8"
"286","2903201",BARREIRAS,"2911709",GUANAMBI,"15"
"287","2911709",GUANAMBI,"2903904",BOM JESUS DA LAPA,"464"
"288","2913606",ILHÉUS,"2800308",ARACAJU,"0"
"289","2913606",ILHÉUS,"2903201",BARREIRAS,"0"
"290","2913606",ILHÉUS,"2925303",PORTO SEGURO,"0"
"291","2913606",ILHÉUS,"3509502",CAMPINAS,"0"
"292","2913606",ILHÉUS,"4106902",CURITIBA,"0"
"293","2925303",PORTO SEGURO,"2800308",ARACAJU,"0"
"294","2925303",PORTO SEGURO,"2932507",UNA,"0"
"295","2925303",PORTO SEGURO,"3127701",GOVERNADOR VALADARES,"539"
"296","2925303",PORTO SEGURO,"3131307",IPATINGA,"40"
"297","2925303",PORTO SEGURO,"3143302",MONTES CLAROS,"0"
"298","2925303",PORTO SEGURO,"3170206",UBERLÂNDIA,"0"
"299","2925303",PORTO SEGURO,"3506003",BAURU,"0"
"300","2925303",PORTO SEGURO,"3543402",RIBEIRÃO PRETO,"0"
"301","2925303",PORTO SEGURO,"3549805",SÃO JOSÉ DO RIO PRETO,"0"
"302","2925303",PORTO SEGURO,"4113700",LONDRINA,"0"
"303","2927408",SALVADOR,"1302603",MANAUS,"2746700"
"304","2927408",SALVADOR,"1400100",BOA VISTA,"0"
"305","2927408",SALVADOR,"1501402",BELÉM,"432832"
"306","2927408",SALVADOR,"1506807",SANTARÉM,"128479"
"307","2927408",SALVADOR,"2111300",SÃO LUÍS,"302564"
"308","2927408",SALVADOR,"2211001",TERESINA,"14790"
"309","2927408",SALVADOR,"2304400",FORTALEZA,"3887032"
"310","2927408",SALVADOR,"2307304",JUAZEIRO DO NORTE,"0"
"311","2927408",SALVADOR,"2408102",NATAL,"514422"
"312","2927408",SALVADOR,"2507507",JOÃO PESSOA,"130765"
"313","2927408",SALVADOR,"2605459",FERNANDO DE NORONHA,"443"
"314","2927408",SALVADOR,"2611101",PETROLINA,"123070"
"315","2927408",SALVADOR,"2611606",RECIFE,"3954106"
"316","2927408",SALVADOR,"2704302",MACEIÓ,"766461"
"317","2927408",SALVADOR,"2800308",ARACAJU,"981582"
"318","2927408",SALVADOR,"2903201",BARREIRAS,"0"
"319","2927408",SALVADOR,"2903904",BOM JESUS DA LAPA,"1170"
"320","2927408",SALVADOR,"2911709",GUANAMBI,"957"
"321","2927408",SALVADOR,"2913606",ILHÉUS,"698650"
"322","2927408",SALVADOR,"2919306",LENÇÓIS,"85"
"323","2927408",SALVADOR,"2925303",PORTO SEGURO,"403074"
"324","2927408",SALVADOR,"2932507",UNA,"72689"
"325","2927408",SALVADOR,"2933307",VITÓRIA DA CONQUISTA,"6855"
"326","2927408",SALVADOR,"3106200",BELO HORIZONTE,"1852923"
"327","2927408",SALVADOR,"3205309",VITÓRIA,"34679"
"328","2927408",SALVADOR,"3509502",CAMPINAS,"629707"
"329","2927408",SALVADOR,"3543402",RIBEIRÃO PRETO,"0"
"330","2927408",SALVADOR,"3549805",SÃO JOSÉ DO RIO PRETO,"0"
"331","2927408",SALVADOR,"3549904",SÃO JOSÉ DOS CAMPOS,"0"
"332","2927408",SALVADOR,"4106902",CURITIBA,"460140"
"333","2927408",SALVADOR,"4108304",FOZ DO IGUAÇU,"1877"
"334","2927408",SALVADOR,"4205407",FLORIANÓPOLIS,"31"
"335","2927408",SALVADOR,"4314902",PORTO ALEGRE,"265850"
"336","2927408",SALVADOR,"5002704",CAMPO GRANDE,"0"
"337","2927408",SALVADOR,"5103403",CUIABÁ,"22874"
"338","2927408",SALVADOR,"5208707",GOIÂNIA,"0"
"339","2933307",VITÓRIA DA CONQUISTA,"2903201",BARREIRAS,"0"
"340","3104007",ARAXÁ,"5300108",BRASÍLIA,"0"
"341","3106200",BELO HORIZONTE,"1100205",PORTO VELHO,"0"
"342","3106200",BELO HORIZONTE,"1200401",RIO BRANCO,"0"
"343","3106200",BELO HORIZONTE,"1302603",MANAUS,"1169"
"344","3106200",BELO HORIZONTE,"1501402",BELÉM,"17422"
"345","3106200",BELO HORIZONTE,"1504208",MARABÁ,"30989"
"346","3106200",BELO HORIZONTE,"1505536",PARAUAPEBAS,"0"
"347","3106200",BELO HORIZONTE,"1702109",ARAGUAÍNA,"180"
"348","3106200",BELO HORIZONTE,"2111300",SÃO LUÍS,"7"
"349","3106200",BELO HORIZONTE,"2304400",FORTALEZA,"1111592"
"350","3106200",BELO HORIZONTE,"2408102",NATAL,"17376"
"351","3106200",BELO HORIZONTE,"2507507",JOÃO PESSOA,"198843"
"352","3106200",BELO HORIZONTE,"2605459",FERNANDO DE NORONHA,"58"
"353","3106200",BELO HORIZONTE,"2611606",RECIFE,"1000551"
"354","3106200",BELO HORIZONTE,"2704302",MACEIÓ,"8241"
"355","3106200",BELO HORIZONTE,"2800308",ARACAJU,"0"
"356","3106200",BELO HORIZONTE,"2913606",ILHÉUS,"283761"
"357","3106200",BELO HORIZONTE,"2925303",PORTO SEGURO,"47789"
"358","3106200",BELO HORIZONTE,"2932507",UNA,"0"
"359","3106200",BELO HORIZONTE,"2933307",VITÓRIA DA CONQUISTA,"2204"
"360","3106200",BELO HORIZONTE,"3104007",ARAXÁ,"254"
"361","3106200",BELO HORIZONTE,"3106200",BELO HORIZONTE,"0"
"362","3106200",BELO HORIZONTE,"3121605",DIAMANTINA,"80"
"363","3106200",BELO HORIZONTE,"3127701",GOVERNADOR VALADARES,"1219"
"364","3106200",BELO HORIZONTE,"3131307",IPATINGA,"1493"
"365","3106200",BELO HORIZONTE,"3134202",ITUIUTABA,"0"
"366","3106200",BELO HORIZONTE,"3136702",JUIZ DE FORA,"853"
"367","3106200",BELO HORIZONTE,"3143302",MONTES CLAROS,"1699"
"368","3106200",BELO HORIZONTE,"3148004",PATOS DE MINAS,"58"
"369","3106200",BELO HORIZONTE,"3162500",SÃO JOÃO DEL REI,"47"
"370","3106200",BELO HORIZONTE,"3164704",SÃO SEBASTIÃO DO PARAÍ,"0"
"371","3106200",BELO HORIZONTE,"3170107",UBERABA,"2802"
"372","3106200",BELO HORIZONTE,"3170206",UBERLÂNDIA,"154548"
"373","3106200",BELO HORIZONTE,"3205309",VITÓRIA,"419932"
"374","3106200",BELO HORIZONTE,"3300704",CABO FRIO,"45811"
"375","3106200",BELO HORIZONTE,"3509502",CAMPINAS,"947430"
"376","3106200",BELO HORIZONTE,"3541406",PRESIDENTE PRUDENTE,"0"
"377","3106200",BELO HORIZONTE,"3543402",RIBEIRÃO PRETO,"513"
"378","3106200",BELO HORIZONTE,"3549805",SÃO JOSÉ DO RIO PRETO,"0"
"379","3106200",BELO HORIZONTE,"3549904",SÃO JOSÉ DOS CAMPOS,"196"
"380","3106200",BELO HORIZONTE,"4104808",CASCAVEL,"201"
"381","3106200",BELO HORIZONTE,"4106902",CURITIBA,"305492"
"382","3106200",BELO HORIZONTE,"4108304",FOZ DO IGUAÇU,"0"
"383","3106200",BELO HORIZONTE,"4115200",MARINGÁ,"0"
"384","3106200",BELO HORIZONTE,"4205407",FLORIANÓPOLIS,"7949"
"385","3106200",BELO HORIZONTE,"4209102",JOINVILLE,"0"
"386","3106200",BELO HORIZONTE,"4211306",NAVEGANTES,"0"
"387","3106200",BELO HORIZONTE,"4314902",PORTO ALEGRE,"161189"
"388","3106200",BELO HORIZONTE,"5002704",CAMPO GRANDE,"121243"
"389","3106200",BELO HORIZONTE,"5003702",DOURADOS,"2"
"390","3106200",BELO HORIZONTE,"5103403",CUIABÁ,"34131"
"391","3106200",BELO HORIZONTE,"5208707",GOIÂNIA,"63399"
"392","3106200",BELO HORIZONTE,"5218805",RIO VERDE,"217"
"393","3127701",GOVERNADOR VALADARES,"3509502",CAMPINAS,"0"
"394","3131307",IPATINGA,"3127701",GOVERNADOR VALADARES,"490"
"395","3131307",IPATINGA,"3509502",CAMPINAS,"0"
"396","3135100",JANAÚBA,"5300108",BRASÍLIA,"0"
"397","3136702",JUIZ DE FORA,"3162500",SÃO JOÃO DEL REI,"20"
"398","3136702",JUIZ DE FORA,"3170701",VARGINHA,"0"
"399","3136702",JUIZ DE FORA,"3300704",CABO FRIO,"0"
"400","3136702",JUIZ DE FORA,"3509502",CAMPINAS,"0"
"401","3136702",JUIZ DE FORA,"3549904",SÃO JOSÉ DOS CAMPOS,"0"
"402","3143302",MONTES CLAROS,"3121605",DIAMANTINA,"0"
"403","3143302",MONTES CLAROS,"3131307",IPATINGA,"0"
"404","3143302",MONTES CLAROS,"3301009",CAMPOS DOS GOYTACAZES,"0"
"405","3148004",PATOS DE MINAS,"3104007",ARAXÁ,"8"
"406","3148004",PATOS DE MINAS,"3170107",UBERABA,"0"
"407","3164704",SÃO SEBASTIÃO DO PARA,"5204508",CALDAS NOVAS,"0"
"408","3170107",UBERABA,"1505536",PARAUAPEBAS,"0"
"409","3170107",UBERABA,"1702109",ARAGUAÍNA,"1888"
"410","3170107",UBERABA,"2925303",PORTO SEGURO,"0"
"411","3170107",UBERABA,"3104007",ARAXÁ,"7"
"412","3170107",UBERABA,"3131307",IPATINGA,"0"
"413","3170206",UBERLÂNDIA,"1505536",PARAUAPEBAS,"0"
"414","3170206",UBERLÂNDIA,"1702109",ARAGUAÍNA,"1747"
"415","3170206",UBERLÂNDIA,"1721000",PALMAS,"0"
"416","3170206",UBERLÂNDIA,"3131307",IPATINGA,"0"
"417","3170206",UBERLÂNDIA,"3134202",ITUIUTABA,"0"
"418","3170206",UBERLÂNDIA,"3143302",MONTES CLAROS,"0"
"419","3170206",UBERLÂNDIA,"3170107",UBERABA,"1555"
"420","3170206",UBERLÂNDIA,"3509502",CAMPINAS,"0"
"421","3170206",UBERLÂNDIA,"3543402",RIBEIRÃO PRETO,"292"
"422","3170206",UBERLÂNDIA,"5218805",RIO VERDE,"63"
"423","3170701",VARGINHA,"3106200",BELO HORIZONTE,"0"
"424","3170701",VARGINHA,"3304557",RIO DE JANEIRO,"0"
"425","3205309",VITÓRIA,"1400100",BOA VISTA,"707"
"426","3205309",VITÓRIA,"2605459",FERNANDO DE NORONHA,"0"
"427","3205309",VITÓRIA,"2704302",MACEIÓ,"0"
"428","3205309",VITÓRIA,"2913606",ILHÉUS,"270"
"429","3205309",VITÓRIA,"2925303",PORTO SEGURO,"182"
"430","3205309",VITÓRIA,"3127701",GOVERNADOR VALADARES,"122"
"431","3205309",VITÓRIA,"3131307",IPATINGA,"231"
"432","3205309",VITÓRIA,"3300704",CABO FRIO,"20045"
"433","3205309",VITÓRIA,"3301009",CAMPOS DOS GOYTACAZES,"0"
"434","3205309",VITÓRIA,"3302403",MACAÉ,"0"
"435","3205309",VITÓRIA,"3543402",RIBEIRÃO PRETO,"0"
"436","3205309",VITÓRIA,"4115200",MARINGÁ,"75457"
"437","3205309",VITÓRIA,"5103403",CUIABÁ,"0"
"438","3205309",VITÓRIA,"5208707",GOIÂNIA,"6892"
"439","3300704",CABO FRIO,"3509502",CAMPINAS,"358754"
"440","3300704",CABO FRIO,"4106902",CURITIBA,"39274"
"441","3300704",CABO FRIO,"4314902",PORTO ALEGRE,"33281"
"442","3302403",MACAÉ,"3301009",CAMPOS DOS GOYTACAZES,"0"
"443","3304557",RIO DE JANEIRO,"1100205",PORTO VELHO,"26682"
"444","3304557",RIO DE JANEIRO,"1302603",MANAUS,"2667721"
"445","3304557",RIO DE JANEIRO,"1400100",BOA VISTA,"40813"
"446","3304557",RIO DE JANEIRO,"1501402",BELÉM,"1503180"
"447","3304557",RIO DE JANEIRO,"1505536",PARAUAPEBAS,"0"
"448","3304557",RIO DE JANEIRO,"1506807",SANTARÉM,"37988"
"449","3304557",RIO DE JANEIRO,"1600303",MACAPÁ,"286477"
"450","3304557",RIO DE JANEIRO,"1600709",TARTARUGALZINHO,"0"
"451","3304557",RIO DE JANEIRO,"1721000",PALMAS,"0"
"452","3304557",RIO DE JANEIRO,"2111300",SÃO LUÍS,"296972"
"453","3304557",RIO DE JANEIRO,"2211001",TERESINA,"299998"
"454","3304557",RIO DE JANEIRO,"2304400",FORTALEZA,"3529934"
"455","3304557",RIO DE JANEIRO,"2307304",JUAZEIRO DO NORTE,"322115"
"456","3304557",RIO DE JANEIRO,"2408102",NATAL,"1296483"
"457","3304557",RIO DE JANEIRO,"2504009",CAMPINA GRANDE,"170560"
"458","3304557",RIO DE JANEIRO,"2507507",JOÃO PESSOA,"799709"
"459","3304557",RIO DE JANEIRO,"2605459",FERNANDO DE NORONHA,"30"
"460","3304557",RIO DE JANEIRO,"2611101",PETROLINA,"14582"
"461","3304557",RIO DE JANEIRO,"2611606",RECIFE,"4198205"
"462","3304557",RIO DE JANEIRO,"2704302",MACEIÓ,"887649"
"463","3304557",RIO DE JANEIRO,"2800308",ARACAJU,"424661"
"464","3304557",RIO DE JANEIRO,"2913606",ILHÉUS,"12675"
"465","3304557",RIO DE JANEIRO,"2925303",PORTO SEGURO,"86"
"466","3304557",RIO DE JANEIRO,"2927408",SALVADOR,"3870386"
"467","3304557",RIO DE JANEIRO,"2932507",UNA,"0"
"468","3304557",RIO DE JANEIRO,"3105608",BARBACENA,"0"
"469","3304557",RIO DE JANEIRO,"3106200",BELO HORIZONTE,"1144270"
"470","3304557",RIO DE JANEIRO,"3131307",IPATINGA,"0"
"471","3304557",RIO DE JANEIRO,"3136702",JUIZ DE FORA,"195"
"472","3304557",RIO DE JANEIRO,"3162500",SÃO JOÃO DEL REI,"116"
"473","3304557",RIO DE JANEIRO,"3170107",UBERABA,"0"
"474","3304557",RIO DE JANEIRO,"3170206",UBERLÂNDIA,"12638"
"475","3304557",RIO DE JANEIRO,"3205309",VITÓRIA,"2797069"
"476","3304557",RIO DE JANEIRO,"3300100",ANGRA DOS REIS,"0"
"477","3304557",RIO DE JANEIRO,"3300233",ARMAÇÃO DE BÚZIOS,"0"
"478","3304557",RIO DE JANEIRO,"3300704",CABO FRIO,"2818"
"479","3304557",RIO DE JANEIRO,"3301009",CAMPOS DOS GOYTACAZES,"0"
"480","3304557",RIO DE JANEIRO,"3302403",MACAÉ,"0"
"481","3304557",RIO DE JANEIRO,"3303807",PARATI,"0"
"482","3304557",RIO DE JANEIRO,"3304557",RIO DE JANEIRO,"0"
"483","3304557",RIO DE JANEIRO,"3509502",CAMPINAS,"1006884"
"484","3304557",RIO DE JANEIRO,"3541406",PRESIDENTE PRUDENTE,"0"
"485","3304557",RIO DE JANEIRO,"3543402",RIBEIRÃO PRETO,"644"
"486","3304557",RIO DE JANEIRO,"3549805",SÃO JOSÉ DO RIO PRETO,"270"
"487","3304557",RIO DE JANEIRO,"3549904",SÃO JOSÉ DOS CAMPOS,"2600"
"488","3304557",RIO DE JANEIRO,"4106902",CURITIBA,"1907282"
"489","3304557",RIO DE JANEIRO,"4108304",FOZ DO IGUAÇU,"82995"
"490","3304557",RIO DE JANEIRO,"4113700",LONDRINA,"122050"
"491","3304557",RIO DE JANEIRO,"4115200",MARINGÁ,"127030"
"492","3304557",RIO DE JANEIRO,"4205407",FLORIANÓPOLIS,"687063"
"493","3304557",RIO DE JANEIRO,"4211306",NAVEGANTES,"134661"
"494","3304557",RIO DE JANEIRO,"4314902",PORTO ALEGRE,"3099076"
"495","3304557",RIO DE JANEIRO,"5002704",CAMPO GRANDE,"79726"
"496","3304557",RIO DE JANEIRO,"5103403",CUIABÁ,"25259"
"497","3304557",RIO DE JANEIRO,"5208707",GOIÂNIA,"481787"
"498","3304557",RIO DE JANEIRO,"5300108",BRASÍLIA,"4454481"
"499","3502804",ARAÇATUBA,"3170107",UBERABA,"0"
"500","3502804",ARAÇATUBA,"3529005",MARÍLIA,"1"
"501","3505500",BARRETOS,"3543402",RIBEIRÃO PRETO,"0"
"502","3506003",BAURU,"3502804",ARAÇATUBA,"243"
"503","3506003",BAURU,"3529005",MARÍLIA,"12"
"504","3509502",CAMPINAS,"1302603",MANAUS,"1618723"
"505","3509502",CAMPINAS,"1506807",SANTARÉM,"32395"
"506","3509502",CAMPINAS,"2111300",SÃO LUÍS,"26245"
"507","3509502",CAMPINAS,"2211001",TERESINA,"0"
"508","3509502",CAMPINAS,"2408102",NATAL,"2100"
"509","3509502",CAMPINAS,"2507507",JOÃO PESSOA,"57531"
"510","3509502",CAMPINAS,"2704302",MACEIÓ,"0"
"511","3509502",CAMPINAS,"2800308",ARACAJU,"0"
"512","3509502",CAMPINAS,"2925303",PORTO SEGURO,"0"
"513","3509502",CAMPINAS,"3205309",VITÓRIA,"853650"
"514","3509502",CAMPINAS,"3502804",ARAÇATUBA,"1"
"515","3509502",CAMPINAS,"3506003",BAURU,"0"
"516","3509502",CAMPINAS,"3529005",MARÍLIA,"0"
"517","3509502",CAMPINAS,"3549805",SÃO JOSÉ DO RIO PRETO,"0"
"518","3509502",CAMPINAS,"4104808",CASCAVEL,"281"
"519","3509502",CAMPINAS,"4108304",FOZ DO IGUAÇU,"7"
"520","3509502",CAMPINAS,"4113700",LONDRINA,"0"
"521","3509502",CAMPINAS,"4115200",MARINGÁ,"126301"
"522","3509502",CAMPINAS,"4205407",FLORIANÓPOLIS,"127211"
"523","3509502",CAMPINAS,"4209102",JOINVILLE,"0"
"524","3509502",CAMPINAS,"4211306",NAVEGANTES,"0"
"525","3509502",CAMPINAS,"5002704",CAMPO GRANDE,"754"
"526","3509502",CAMPINAS,"5003702",DOURADOS,"98"
"527","3509502",CAMPINAS,"5103403",CUIABÁ,"0"
"528","3509502",CAMPINAS,"5204508",CALDAS NOVAS,"0"
"529","3509502",CAMPINAS,"5208707",GOIÂNIA,"0"
"530","3529005",MARÍLIA,"3543402",RIBEIRÃO PRETO,"0"
"531","3529005",MARÍLIA,"3549904",SÃO JOSÉ DOS CAMPOS,"0"
"532","3541406",PRESIDENTE PRUDENTE,"2111300",SÃO LUÍS,"0"
"533","3541406",PRESIDENTE PRUDENTE,"3502804",ARAÇATUBA,"2"
"534","3541406",PRESIDENTE PRUDENTE,"3506003",BAURU,"0"
"535","3541406",PRESIDENTE PRUDENTE,"3509502",CAMPINAS,"0"
"536","3541406",PRESIDENTE PRUDENTE,"3529005",MARÍLIA,"58"
"537","3541406",PRESIDENTE PRUDENTE,"3543402",RIBEIRÃO PRETO,"0"
"538","3541406",PRESIDENTE PRUDENTE,"4113700",LONDRINA,"0"
"539","3541406",PRESIDENTE PRUDENTE,"5002704",CAMPO GRANDE,"4500"
"540","3543402",RIBEIRÃO PRETO,"1100122",JI-PARANÁ,"0"
"541","3543402",RIBEIRÃO PRETO,"2903201",BARREIRAS,"0"
"542","3543402",RIBEIRÃO PRETO,"2913606",ILHÉUS,"0"
"543","3543402",RIBEIRÃO PRETO,"2933307",VITÓRIA DA CONQUISTA,"0"
"544","3543402",RIBEIRÃO PRETO,"3170107",UBERABA,"0"
"545","3543402",RIBEIRÃO PRETO,"3506003",BAURU,"0"
"546","3543402",RIBEIRÃO PRETO,"3509502",CAMPINAS,"0"
"547","3543402",RIBEIRÃO PRETO,"3549805",SÃO JOSÉ DO RIO PRETO,"1620"
"548","3543402",RIBEIRÃO PRETO,"5201108",ANÁPOLIS,"0"
"549","3549805",SÃO JOSÉ DO RIO PRETO,"2903201",BARREIRAS,"0"
"550","3549805",SÃO JOSÉ DO RIO PRETO,"2933307",VITÓRIA DA CONQUISTA,"0"
"551","3549805",SÃO JOSÉ DO RIO PRETO,"3164704",SÃO SEBASTIÃO DO PARAÍ,"0"
"552","3549805",SÃO JOSÉ DO RIO PRETO,"3300704",CABO FRIO,"0"
"553","3549805",SÃO JOSÉ DO RIO PRETO,"3502804",ARAÇATUBA,"0"
"554","3549805",SÃO JOSÉ DO RIO PRETO,"3506003",BAURU,"0"
"555","3549805",SÃO JOSÉ DO RIO PRETO,"3529005",MARÍLIA,"0"
"556","3549904",SÃO JOSÉ DOS CAMPOS,"3509502",CAMPINAS,"0"
"557","3549904",SÃO JOSÉ DOS CAMPOS,"3550308",SÃO PAULO,"0"
"558","3550308",SÃO PAULO,"1100122",JI-PARANÁ,"122"
"559","3550308",SÃO PAULO,"1100205",PORTO VELHO,"252840"
"560","3550308",SÃO PAULO,"1200401",RIO BRANCO,"40051"
"561","3550308",SÃO PAULO,"1302603",MANAUS,"99343983"
"562","3550308",SÃO PAULO,"1400100",BOA VISTA,"26852"
"563","3550308",SÃO PAULO,"1501402",BELÉM,"4086991"
"564","3550308",SÃO PAULO,"1506807",SANTARÉM,"64874"
"565","3550308",SÃO PAULO,"1600303",MACAPÁ,"753461"
"566","3550308",SÃO PAULO,"1721000",PALMAS,"499000"
"567","3550308",SÃO PAULO,"2111300",SÃO LUÍS,"1059529"
"568","3550308",SÃO PAULO,"2211001",TERESINA,"1341881"
"569","3550308",SÃO PAULO,"2304400",FORTALEZA,"21491642"
"570","3550308",SÃO PAULO,"2307304",JUAZEIRO DO NORTE,"37460"
"571","3550308",SÃO PAULO,"2408102",NATAL,"4208836"
"572","3550308",SÃO PAULO,"2507507",JOÃO PESSOA,"1700995"
"573","3550308",SÃO PAULO,"2605459",FERNANDO DE NORONHA,"211845"
"574","3550308",SÃO PAULO,"2611101",PETROLINA,"408556"
"575","3550308",SÃO PAULO,"2611606",RECIFE,"17085126"
"576","3550308",SÃO PAULO,"2704302",MACEIÓ,"2395803"
"577","3550308",SÃO PAULO,"2800308",ARACAJU,"1029280"
"578","3550308",SÃO PAULO,"2903201",BARREIRAS,"0"
"579","3550308",SÃO PAULO,"2913606",ILHÉUS,"1053215"
"580","3550308",SÃO PAULO,"2925303",PORTO SEGURO,"482115"
"581","3550308",SÃO PAULO,"2927408",SALVADOR,"16390430"
"582","3550308",SÃO PAULO,"2932507",UNA,"58567"
"583","3550308",SÃO PAULO,"2933307",VITÓRIA DA CONQUISTA,"720"
"584","3550308",SÃO PAULO,"3106200",BELO HORIZONTE,"5984600"
"585","3550308",SÃO PAULO,"3127701",GOVERNADOR VALADARES,"213"
"586","3550308",SÃO PAULO,"3131307",IPATINGA,"189"
"587","3550308",SÃO PAULO,"3136702",JUIZ DE FORA,"785"
"588","3550308",SÃO PAULO,"3170107",UBERABA,"260"
"589","3550308",SÃO PAULO,"3170206",UBERLÂNDIA,"1076084"
"590","3550308",SÃO PAULO,"3170701",VARGINHA,"0"
"591","3550308",SÃO PAULO,"3205309",VITÓRIA,"3094442"
"592","3550308",SÃO PAULO,"3300704",CABO FRIO,"99525"
"593","3550308",SÃO PAULO,"3301009",CAMPOS DOS GOYTACAZES,"0"
"594","3550308",SÃO PAULO,"3304557",RIO DE JANEIRO,"9767698"
"595","3550308",SÃO PAULO,"3502804",ARAÇATUBA,"12106"
"596","3550308",SÃO PAULO,"3505500",BARRETOS,"0"
"597","3550308",SÃO PAULO,"3506003",BAURU,"21971"
"598","3550308",SÃO PAULO,"3509502",CAMPINAS,"271990"
"599","3550308",SÃO PAULO,"3529005",MARÍLIA,"4542"
"600","3550308",SÃO PAULO,"3541406",PRESIDENTE PRUDENTE,"316868"
"601","3550308",SÃO PAULO,"3543402",RIBEIRÃO PRETO,"573629"
"602","3550308",SÃO PAULO,"3548906",SÃO CARLOS,"0"
"603","3550308",SÃO PAULO,"3549805",SÃO JOSÉ DO RIO PRETO,"713064"
"604","3550308",SÃO PAULO,"3550308",SÃO PAULO,"904"
"605","3550308",SÃO PAULO,"4104808",CASCAVEL,"336"
"606","3550308",SÃO PAULO,"4106902",CURITIBA,"5603421"
"607","3550308",SÃO PAULO,"4108304",FOZ DO IGUAÇU,"338345"
"608","3550308",SÃO PAULO,"4113700",LONDRINA,"723637"
"609","3550308",SÃO PAULO,"4115200",MARINGÁ,"361191"
"610","3550308",SÃO PAULO,"4204202",CHAPECÓ,"347727"
"611","3550308",SÃO PAULO,"4204608",CRICIÚMA,"73"
"612","3550308",SÃO PAULO,"4205407",FLORIANÓPOLIS,"4268038"
"613","3550308",SÃO PAULO,"4209102",JOINVILLE,"905285"
"614","3550308",SÃO PAULO,"4211306",NAVEGANTES,"1038796"
"615","3550308",SÃO PAULO,"4305108",CAXIAS DO SUL,"404630"
"616","3550308",SÃO PAULO,"4314100",PASSO FUNDO,"48719"
"617","3550308",SÃO PAULO,"4314902",PORTO ALEGRE,"11838696"
"618","3550308",SÃO PAULO,"5002209",BONITO,"0"
"619","3550308",SÃO PAULO,"5002704",CAMPO GRANDE,"3494472"
"620","3550308",SÃO PAULO,"5003702",DOURADOS,"5429"
"621","3550308",SÃO PAULO,"5103403",CUIABÁ,"2286973"
"622","3550308",SÃO PAULO,"5204508",CALDAS NOVAS,"0"
"623","3550308",SÃO PAULO,"5208707",GOIÂNIA,"3769696"
"624","3550308",SÃO PAULO,"5300108",BRASÍLIA,"22119835"
"625","4104808",CASCAVEL,"3541406",PRESIDENTE PRUDENTE,"0"
"626","4104808",CASCAVEL,"3549805",SÃO JOSÉ DO RIO PRETO,"0"
"627","4104808",CASCAVEL,"4209102",JOINVILLE,"0"
"628","4104808",CASCAVEL,"5003702",DOURADOS,"998"
"629","4104808",CASCAVEL,"5103403",CUIABÁ,"335"
"630","4104808",CASCAVEL,"5107602",RONDONÓPOLIS,"0"
"631","4106902",CURITIBA,"1100205",PORTO VELHO,"193722"
"632","4106902",CURITIBA,"1302603",MANAUS,"810375"
"633","4106902",CURITIBA,"1501402",BELÉM,"25232"
"634","4106902",CURITIBA,"1600303",MACAPÁ,"0"
"635","4106902",CURITIBA,"2211001",TERESINA,"178044"
"636","4106902",CURITIBA,"2304400",FORTALEZA,"119613"
"637","4106902",CURITIBA,"2408102",NATAL,"10695"
"638","4106902",CURITIBA,"2704302",MACEIÓ,"0"
"639","4106902",CURITIBA,"2925303",PORTO SEGURO,"0"
"640","4106902",CURITIBA,"3205309",VITÓRIA,"61815"
"641","4106902",CURITIBA,"3509502",CAMPINAS,"1053719"
"642","4106902",CURITIBA,"3541406",PRESIDENTE PRUDENTE,"0"
"643","4106902",CURITIBA,"3543402",RIBEIRÃO PRETO,"22"
"644","4106902",CURITIBA,"3549904",SÃO JOSÉ DOS CAMPOS,"0"
"645","4106902",CURITIBA,"4104808",CASCAVEL,"543"
"646","4106902",CURITIBA,"4108304",FOZ DO IGUAÇU,"226159"
"647","4106902",CURITIBA,"4109401",GUARAPUAVA,"0"
"648","4106902",CURITIBA,"4113700",LONDRINA,"538227"
"649","4106902",CURITIBA,"4115200",MARINGÁ,"253063"
"650","4106902",CURITIBA,"4203006",CAÇADOR,"0"
"651","4106902",CURITIBA,"4204202",CHAPECÓ,"0"
"652","4106902",CURITIBA,"4205407",FLORIANÓPOLIS,"108790"
"653","4106902",CURITIBA,"4209003",JOAÇABA,"0"
"654","4106902",CURITIBA,"4209102",JOINVILLE,"0"
"655","4106902",CURITIBA,"4305108",CAXIAS DO SUL,"65997"
"656","4106902",CURITIBA,"4307005",ERECHIM,"0"
"657","4106902",CURITIBA,"4314100",PASSO FUNDO,"0"
"658","4106902",CURITIBA,"5002704",CAMPO GRANDE,"224065"
"659","4106902",CURITIBA,"5003702",DOURADOS,"44"
"660","4106902",CURITIBA,"5103403",CUIABÁ,"270132"
"661","4106902",CURITIBA,"5107602",RONDONÓPOLIS,"1243"
"662","4106902",CURITIBA,"5204508",CALDAS NOVAS,"0"
"663","4108304",FOZ DO IGUAÇU,"3543402",RIBEIRÃO PRETO,"0"
"664","4108304",FOZ DO IGUAÇU,"4104808",CASCAVEL,"0"
"665","4108304",FOZ DO IGUAÇU,"4113700",LONDRINA,"903"
"666","4108304",FOZ DO IGUAÇU,"4115200",MARINGÁ,"335"
"667","4108304",FOZ DO IGUAÇU,"5003702",DOURADOS,"3"
"668","4113700",LONDRINA,"3543402",RIBEIRÃO PRETO,"0"
"669","4113700",LONDRINA,"4104808",CASCAVEL,"901"
"670","4113700",LONDRINA,"4115200",MARINGÁ,"3154"
"671","4113700",LONDRINA,"4209102",JOINVILLE,"0"
"672","4113700",LONDRINA,"5204508",CALDAS NOVAS,"0"
"673","4115200",MARINGÁ,"3502804",ARAÇATUBA,"0"
"674","4115200",MARINGÁ,"3506003",BAURU,"0"
"675","4115200",MARINGÁ,"3529005",MARÍLIA,"36"
"676","4115200",MARINGÁ,"4104808",CASCAVEL,"2844"
"677","4115200",MARINGÁ,"4209102",JOINVILLE,"4"
"678","4115200",MARINGÁ,"5107602",RONDONÓPOLIS,"2871"
"679","4203006",CAÇADOR,"4205407",FLORIANÓPOLIS,"0"
"680","4203006",CAÇADOR,"4307005",ERECHIM,"0"
"681","4204202",CHAPECÓ,"3106200",BELO HORIZONTE,"94"
"682","4204202",CHAPECÓ,"4109401",GUARAPUAVA,"0"
"683","4204202",CHAPECÓ,"4307005",ERECHIM,"0"
"684","4204202",CHAPECÓ,"4314100",PASSO FUNDO,"0"
"685","4204608",CRICIÚMA,"4106902",CURITIBA,"0"
"686","4205407",FLORIANÓPOLIS,"2925303",PORTO SEGURO,"0"
"687","4205407",FLORIANÓPOLIS,"3543402",RIBEIRÃO PRETO,"0"
"688","4205407",FLORIANÓPOLIS,"3549805",SÃO JOSÉ DO RIO PRETO,"0"
"689","4205407",FLORIANÓPOLIS,"4108304",FOZ DO IGUAÇU,"0"
"690","4205407",FLORIANÓPOLIS,"4113700",LONDRINA,"0"
"691","4205407",FLORIANÓPOLIS,"4115200",MARINGÁ,"0"
"692","4205407",FLORIANÓPOLIS,"4204202",CHAPECÓ,"163321"
"693","4205407",FLORIANÓPOLIS,"4204608",CRICIÚMA,"0"
"694","4205407",FLORIANÓPOLIS,"4209003",JOAÇABA,"0"
"695","4205407",FLORIANÓPOLIS,"4209102",JOINVILLE,"0"
"696","4205407",FLORIANÓPOLIS,"4211306",NAVEGANTES,"0"
"697","4205407",FLORIANÓPOLIS,"4307005",ERECHIM,"0"
"698","4205407",FLORIANÓPOLIS,"4314100",PASSO FUNDO,"0"
"699","4205407",FLORIANÓPOLIS,"5208707",GOIÂNIA,"0"
"700","4209003",JOAÇABA,"4203006",CAÇADOR,"0"
"701","4209003",JOAÇABA,"4307005",ERECHIM,"0"
"702","4209102",JOINVILLE,"4204608",CRICIÚMA,"285"
"703","4211306",NAVEGANTES,"1600303",MACAPÁ,"17564"
"704","4211306",NAVEGANTES,"3543402",RIBEIRÃO PRETO,"0"
"705","4211306",NAVEGANTES,"3549904",SÃO JOSÉ DOS CAMPOS,"0"
"706","4211306",NAVEGANTES,"4115200",MARINGÁ,"0"
"707","4211306",NAVEGANTES,"4204608",CRICIÚMA,"0"
"708","4211306",NAVEGANTES,"4209102",JOINVILLE,"2398"
"709","4305108",CAXIAS DO SUL,"4314902",PORTO ALEGRE,"0"
"710","4314100",PASSO FUNDO,"4203006",CAÇADOR,"0"
"711","4314100",PASSO FUNDO,"4209003",JOAÇABA,"0"
"712","4314100",PASSO FUNDO,"4307005",ERECHIM,"0"
"713","4314100",PASSO FUNDO,"4317202",SANTA ROSA,"0"
"714","4314100",PASSO FUNDO,"4317509",SANTO ÂNGELO,"0"
"715","4314407",PELOTAS,"4305108",CAXIAS DO SUL,"0"
"716","4314407",PELOTAS,"4315602",RIO GRANDE,"0"
"717","4314902",PORTO ALEGRE,"1100205",PORTO VELHO,"194200"
"718","4314902",PORTO ALEGRE,"1302603",MANAUS,"201366"
"719","4314902",PORTO ALEGRE,"2304400",FORTALEZA,"321194"
"720","4314902",PORTO ALEGRE,"2307304",JUAZEIRO DO NORTE,"6801"
"721","4314902",PORTO ALEGRE,"2408102",NATAL,"0"
"722","4314902",PORTO ALEGRE,"2704302",MACEIÓ,"0"
"723","4314902",PORTO ALEGRE,"2925303",PORTO SEGURO,"0"
"724","4314902",PORTO ALEGRE,"3205309",VITÓRIA,"19552"
"725","4314902",PORTO ALEGRE,"3509502",CAMPINAS,"394282"
"726","4314902",PORTO ALEGRE,"3543402",RIBEIRÃO PRETO,"0"
"727","4314902",PORTO ALEGRE,"3549805",SÃO JOSÉ DO RIO PRETO,"0"
"728","4314902",PORTO ALEGRE,"4104808",CASCAVEL,"0"
"729","4314902",PORTO ALEGRE,"4106902",CURITIBA,"1832560"
"730","4314902",PORTO ALEGRE,"4108304",FOZ DO IGUAÇU,"1084"
"731","4314902",PORTO ALEGRE,"4113700",LONDRINA,"131473"
"732","4314902",PORTO ALEGRE,"4115200",MARINGÁ,"0"
"733","4314902",PORTO ALEGRE,"4203006",CAÇADOR,"0"
"734","4314902",PORTO ALEGRE,"4204202",CHAPECÓ,"0"
"735","4314902",PORTO ALEGRE,"4204608",CRICIÚMA,"73"
"736","4314902",PORTO ALEGRE,"4205407",FLORIANÓPOLIS,"654538"
"737","4314902",PORTO ALEGRE,"4209003",JOAÇABA,"0"
"738","4314902",PORTO ALEGRE,"4209102",JOINVILLE,"334"
"739","4314902",PORTO ALEGRE,"4211306",NAVEGANTES,"0"
"740","4314902",PORTO ALEGRE,"4307005",ERECHIM,"0"
"741","4314902",PORTO ALEGRE,"4310207",IJUÍ,"0"
"742","4314902",PORTO ALEGRE,"4314100",PASSO FUNDO,"0"
"743","4314902",PORTO ALEGRE,"4314407",PELOTAS,"0"
"744","4314902",PORTO ALEGRE,"4315602",RIO GRANDE,"0"
"745","4314902",PORTO ALEGRE,"4316907",SANTA MARIA,"0"
"746","4314902",PORTO ALEGRE,"4317202",SANTA ROSA,"0"
"747","4314902",PORTO ALEGRE,"4317509",SANTO ÂNGELO,"0"
"748","4314902",PORTO ALEGRE,"4322400",URUGUAIANA,"0"
"749","4314902",PORTO ALEGRE,"5002704",CAMPO GRANDE,"210798"
"750","4314902",PORTO ALEGRE,"5103403",CUIABÁ,"205211"
"751","4314902",PORTO ALEGRE,"5208707",GOIÂNIA,"0"
"752","4315602",RIO GRANDE,"4305108",CAXIAS DO SUL,"0"
"753","4316907",SANTA MARIA,"4317202",SANTA ROSA,"0"
"754","4316907",SANTA MARIA,"4317509",SANTO ÂNGELO,"0"
"755","4316907",SANTA MARIA,"4322400",URUGUAIANA,"0"
"756","4317509",SANTO ÂNGELO,"4317202",SANTA ROSA,"0"
"757","4322400",URUGUAIANA,"4314100",PASSO FUNDO,"0"
"758","5002209",BONITO,"5003207",CORUMBÁ,"524"
"759","5002704",CAMPO GRANDE,"1100205",PORTO VELHO,"154172"
"760","5002704",CAMPO GRANDE,"1200203",CRUZEIRO DO SUL,"0"
"761","5002704",CAMPO GRANDE,"1200401",RIO BRANCO,"95"
"762","5002704",CAMPO GRANDE,"1400100",BOA VISTA,"56"
"763","5002704",CAMPO GRANDE,"2925303",PORTO SEGURO,"0"
"764","5002704",CAMPO GRANDE,"3549805",SÃO JOSÉ DO RIO PRETO,"668"
"765","5002704",CAMPO GRANDE,"4104808",CASCAVEL,"11878"
"766","5002704",CAMPO GRANDE,"4108304",FOZ DO IGUAÇU,"2220"
"767","5002704",CAMPO GRANDE,"4113700",LONDRINA,"15642"
"768","5002704",CAMPO GRANDE,"4115200",MARINGÁ,"4383"
"769","5002704",CAMPO GRANDE,"5002209",BONITO,"0"
"770","5002704",CAMPO GRANDE,"5003207",CORUMBÁ,"145"
"771","5002704",CAMPO GRANDE,"5003702",DOURADOS,"6865"
"772","5003207",CORUMBÁ,"5003702",DOURADOS,"0"
"773","5003702",DOURADOS,"3543402",RIBEIRÃO PRETO,"0"
"774","5003702",DOURADOS,"4209102",JOINVILLE,"0"
"775","5101407",ARIPUANÃ,"5105101",JUARA,"0"
"776","5101407",ARIPUANÃ,"5105150",JUÍNA,"0"
"777","5103353",CONFRESA,"1506708",SANTANA DO ARAGUAIA,"50"
"778","5103403",CUIABÁ,"1100122",JI-PARANÁ,"11394"
"779","5103403",CUIABÁ,"1100205",PORTO VELHO,"614236"
"780","5103403",CUIABÁ,"1100304",VILHENA,"7646"
"781","5103403",CUIABÁ,"1200203",CRUZEIRO DO SUL,"0"
"782","5103403",CUIABÁ,"1200401",RIO BRANCO,"108"
"783","5103403",CUIABÁ,"2111300",SÃO LUÍS,"0"
"784","5103403",CUIABÁ,"2704302",MACEIÓ,"50"
"785","5103403",CUIABÁ,"3541406",PRESIDENTE PRUDENTE,"181781"
"786","5103403",CUIABÁ,"3543402",RIBEIRÃO PRETO,"90"
"787","5103403",CUIABÁ,"3549805",SÃO JOSÉ DO RIO PRETO,"323334"
"788","5103403",CUIABÁ,"4108304",FOZ DO IGUAÇU,"4631"
"789","5103403",CUIABÁ,"4113700",LONDRINA,"15263"
"790","5103403",CUIABÁ,"4115200",MARINGÁ,"6237"
"791","5103403",CUIABÁ,"4209102",JOINVILLE,"0"
"792","5103403",CUIABÁ,"5002704",CAMPO GRANDE,"498792"
"793","5103403",CUIABÁ,"5003207",CORUMBÁ,"0"
"794","5103403",CUIABÁ,"5003702",DOURADOS,"0"
"795","5103403",CUIABÁ,"5100250",ALTA FLORESTA,"2168"
"796","5103403",CUIABÁ,"5101407",ARIPUANÃ,"101"
"797","5103403",CUIABÁ,"5105101",JUARA,"0"
"798","5103403",CUIABÁ,"5105150",JUÍNA,"40"
"799","5103403",CUIABÁ,"5107602",RONDONÓPOLIS,"3166"
"800","5103403",CUIABÁ,"5107909",SINOP,"5231"
"801","5105101",JUARA,"5105150",JUÍNA,"0"
"802","5107602",RONDONÓPOLIS,"4113700",LONDRINA,"104"
"803","5107602",RONDONÓPOLIS,"4209102",JOINVILLE,"3"
"804","5107602",RONDONÓPOLIS,"5100250",ALTA FLORESTA,"0"
"805","5107859",SÃO FÉLIX DO ARAGUAIA,"5103353",CONFRESA,"1268"
"806","5107859",SÃO FÉLIX DO ARAGUAIA,"5213087",MINAÇU,"76"
"807","5107909",SINOP,"5100250",ALTA FLORESTA,"693"
"808","5204508",CALDAS NOVAS,"3549805",SÃO JOSÉ DO RIO PRETO,"0"
"809","5208707",GOIÂNIA,"1100122",JI-PARANÁ,"13"
"810","5208707",GOIÂNIA,"1400100",BOA VISTA,"903"
"811","5208707",GOIÂNIA,"1500602",ALTAMIRA,"725"
"812","5208707",GOIÂNIA,"1504208",MARABÁ,"2771"
"813","5208707",GOIÂNIA,"1506138",REDENÇÃO,"3632"
"814","5208707",GOIÂNIA,"1507300",SÃO FÉLIX DO XINGU,"15"
"815","5208707",GOIÂNIA,"1702109",ARAGUAÍNA,"680"
"816","5208707",GOIÂNIA,"1709500",GURUPI,"11425"
"817","5208707",GOIÂNIA,"1721000",PALMAS,"276986"
"818","5208707",GOIÂNIA,"2211001",TERESINA,"204292"
"819","5208707",GOIÂNIA,"2925303",PORTO SEGURO,"0"
"820","5208707",GOIÂNIA,"3170206",UBERLÂNDIA,"539"
"821","5208707",GOIÂNIA,"3543402",RIBEIRÃO PRETO,"125"
"822","5208707",GOIÂNIA,"3549805",SÃO JOSÉ DO RIO PRETO,"0"
"823","5208707",GOIÂNIA,"5002704",CAMPO GRANDE,"129302"
"824","5208707",GOIÂNIA,"5103353",CONFRESA,"501"
"825","5208707",GOIÂNIA,"5103403",CUIABÁ,"64205"
"826","5208707",GOIÂNIA,"5107859",SÃO FÉLIX DO ARAGUAIA,"1499"
"827","5208707",GOIÂNIA,"5213087",MINAÇU,"707"
"828","5208707",GOIÂNIA,"5218805",RIO VERDE,"16"
"829","5213087",MINAÇU,"5103353",CONFRESA,"1"
"830","5300108",BRASÍLIA,"1100205",PORTO VELHO,"1656484"
"831","5300108",BRASÍLIA,"1200203",CRUZEIRO DO SUL,"11698"
"832","5300108",BRASÍLIA,"1200401",RIO BRANCO,"911096"
"833","5300108",BRASÍLIA,"1302603",MANAUS,"9540673"
"834","5300108",BRASÍLIA,"1400100",BOA VISTA,"828004"
"835","5300108",BRASÍLIA,"1501402",BELÉM,"4258869"
"836","5300108",BRASÍLIA,"1504208",MARABÁ,"1170378"
"837","5300108",BRASÍLIA,"1505536",PARAUAPEBAS,"0"
"838","5300108",BRASÍLIA,"1506138",REDENÇÃO,"341"
"839","5300108",BRASÍLIA,"1600303",MACAPÁ,"1245981"
"840","5300108",BRASÍLIA,"1702109",ARAGUAÍNA,"3094"
"841","5300108",BRASÍLIA,"1709500",GURUPI,"671"
"842","5300108",BRASÍLIA,"1721000",PALMAS,"2182121"
"843","5300108",BRASÍLIA,"2105302",IMPERATRIZ,"863857"
"844","5300108",BRASÍLIA,"2111300",SÃO LUÍS,"2222427"
"845","5300108",BRASÍLIA,"2211001",TERESINA,"1720805"
"846","5300108",BRASÍLIA,"2304400",FORTALEZA,"3395358"
"847","5300108",BRASÍLIA,"2307304",JUAZEIRO DO NORTE,"398938"
"848","5300108",BRASÍLIA,"2408102",NATAL,"1681056"
"849","5300108",BRASÍLIA,"2504009",CAMPINA GRANDE,"206762"
"850","5300108",BRASÍLIA,"2507507",JOÃO PESSOA,"336005"
"851","5300108",BRASÍLIA,"2611101",PETROLINA,"2110"
"852","5300108",BRASÍLIA,"2611606",RECIFE,"3357057"
"853","5300108",BRASÍLIA,"2704302",MACEIÓ,"422612"
"854","5300108",BRASÍLIA,"2800308",ARACAJU,"560415"
"855","5300108",BRASÍLIA,"2903201",BARREIRAS,"5"
"856","5300108",BRASÍLIA,"2913606",ILHÉUS,"0"
"857","5300108",BRASÍLIA,"2925303",PORTO SEGURO,"3"
"858","5300108",BRASÍLIA,"2927408",SALVADOR,"2790957"
"859","5300108",BRASÍLIA,"2933307",VITÓRIA DA CONQUISTA,"0"
"860","5300108",BRASÍLIA,"3106200",BELO HORIZONTE,"2668150"
"861","5300108",BRASÍLIA,"3170107",UBERABA,"1127"
"862","5300108",BRASÍLIA,"3170206",UBERLÂNDIA,"181959"
"863","5300108",BRASÍLIA,"3205309",VITÓRIA,"807349"
"864","5300108",BRASÍLIA,"3509502",CAMPINAS,"1614893"
"865","5300108",BRASÍLIA,"3541406",PRESIDENTE PRUDENTE,"0"
"866","5300108",BRASÍLIA,"3543402",RIBEIRÃO PRETO,"49"
"867","5300108",BRASÍLIA,"3549805",SÃO JOSÉ DO RIO PRETO,"0"
"868","5300108",BRASÍLIA,"4106902",CURITIBA,"2100097"
"869","5300108",BRASÍLIA,"4108304",FOZ DO IGUAÇU,"153949"
"870","5300108",BRASÍLIA,"4113700",LONDRINA,"24575"
"871","5300108",BRASÍLIA,"4204202",CHAPECÓ,"6341"
"872","5300108",BRASÍLIA,"4205407",FLORIANÓPOLIS,"247893"
"873","5300108",BRASÍLIA,"4314902",PORTO ALEGRE,"2085426"
"874","5300108",BRASÍLIA,"5002704",CAMPO GRANDE,"597858"
"875","5300108",BRASÍLIA,"5103353",CONFRESA,"17"
"876","5300108",BRASÍLIA,"5103403",CUIABÁ,"1486698"
"877","5300108",BRASÍLIA,"5107859",SÃO FÉLIX DO ARAGUAIA,"221"
"878","5300108",BRASÍLIA,"5208707",GOIÂNIA,"2407844"
"879","5300108",BRASÍLIA,"5213087",MINAÇU,"180"
